"FID","Shape *","OBJECTID_1","id","ID_FIETS","X","Y","OBJECTID","tblalgemen","IDfietsens","MCSCode","MCSCodefie","MCSCodef_1","tblintermo","Positie","Betalend","Toegangsco","Afgesloten","Typevanafs","Eigenaarte","Eigenaarde","Kleinewege","Exploitant","Exploita_1","Infrastruc","specandere","Infrastr_1","specande_1","Infrastr_2","Infrastr_3","specande_2","Infrastr_4","Infrastr_5","specande_3","Bevestigin","Aantalplaa","Infrastr_6","Plaatsenfi","Plaatsen_1","Plaatsenba","Plaatsen_2","Plaatsenbr","Plaatsen_3","Plaatsenel","Plaatsen_4","Plaatsen_5","Plaatsen_6","Plaatsento","Plaatsen_7","Plaatsen_8","Camerabewa","voldoendev","beheerderv","weesfietse","opmerking","schattinga","Mogelijkhe","OpterreinN","Opterreind","Isernoodto","AantalInga","AantalUitg","Energiemet","Milieugeva","Branddetec","Anderetech","Aankondigi","Aankondi_1","Aankondi_2","Parkeerreg","Bordmettar","Signaletic","Signalet_1","Signalet_2","X_WGS84","Y_WGS84"
"0","Point","1","1","1","126780,158 m","181465,154 m","0","Aalst","1","30500030235","0"," ","Fietsenstalling f1","fietsgebouw voorkant","0","0","1","overdekt, staalstructuur","NMBS"," ","Nee"," "," ","Fietsgebouw"," ","Fietsgebouw"," ","0","Beton"," "," ","type NMBS"," ","1","40","Goede staat","869","0","0","0","32","0","0","0","0","0","901","869","32","0","1","Stadsnet","1","fietsenstalling is gekoppeld op paal 1206 van Eandis","0"," ","0","0","0","2","0","0","0","0","0","0","0","0","1","0","0","0"," ","4° 2' 13,602"" E","50° 56' 36,793"" N"
"1","Point","2","1","1","126758,069 m","181482,258 m","0","Aalst","1","30500030235","0"," ","Fietsenstalling f1","fietsgebouw voorkant","0","0","1","overdekt, staalstructuur","NMBS"," ","Nee"," "," ","Fietsgebouw"," ","Fietsgebouw"," ","0","Beton"," "," ","type NMBS"," ","1","40","Goede staat","869","0","0","0","32","0","0","0","0","0","901","869","32","0","1","Stadsnet","1","fietsenstalling is gekoppeld op paal 1206 van Eandis","0"," ","0","0","0","2","0","0","0","0","0","0","0","0","1","0","0","0"," ","4° 2' 12,466"" E","50° 56' 37,344"" N"
"2","Point","33","37","37","69420,371 m","210251,543 m","0","Brugge","37","30503093055","0"," ","Fietsenstalling f1","ondergronds KAM-gebouw","0","0","0"," ","Derde","NMBS / Belins","NVT"," "," ","Lokaal in gebouw"," ","Fietsgebouw"," ","0","Beton"," "," ","Type NMBS"," ","1","0","Goede staat","1621","0","0","0","32","0","0","0","0","0","1653","1621","32","0","-1","Eigen net","0","vuinisbak Engels selectief 2X + strooizout","0"," ","0","0","0","0","0","0","0","0","0","0","0","0","0","0","0","0"," ","3° 12' 52,973"" E","51° 11' 49,723"" N"
"3","Point","85","88","88","107074,000 m","192196,343 m","0","Gentbrugge","88","30580004203","0"," ","Fietsenstalling f1","Aan ingang station onder spoorviaduct","0","0","0","NVT","NMBS"," ","Nee"," "," ","Overdekt (luifel)"," ","Onder viaduct"," ","0","Andere","Betonstraatstenen/asfalt"," ","Andere","166 NMBS/20 type stad","0","0","Te controleren","186","0","0","0","0","0","0","0","0","0","186","186","0","0","1","Eigen net","-1"," ","11"," ","0","0","0","0","0","0","0","0","0","0","0","0","0","0","0","0"," ","3° 45' 19,732"" E","51° 2' 20,001"" N"
"4","Point","86","89","89","105930,367 m","194136,224 m","0","Gent-Dampoort","89","30580006617","0"," ","Fietsenstalling f1","op parking P1","0","0","0","NVT","NMBS"," ","Nee"," "," ","Open lucht"," "," "," ","0","Steenslag","Asfalt"," ","type NMBS"," ","0","0","Goede staat","0","1745","0","0","0","15","0","0","0","0","1760","1745","15","0","1","Eigen net","0","168 fietsen oktober 2017 van FGSP","0"," ","0","0","0","0","0","0","0","0","0","0","0","0","1","0","0","0"," ","3° 44' 20,194"" E","51° 3' 22,463"" N"
"5","Point","87","90","90","105954,412 m","194100,325 m","0","Gent-Dampoort","90","30580006617","0"," ","Fietsenstalling f2","op parking P1","1","1","1","hekken","NMBS"," ","NVT"," "," ","Open lucht"," "," "," ","0","Andere","betonstraatstenen/steenslag"," ","type NMBS"," ","0","0","Goede staat","0","230","0","0","0","0","0","0","0","0","230","230","0","0","0"," ","0"," ","0"," ","0","0","0","2","0","0","0","0","0","0","0","0","0","0","0","0"," ","3° 44' 21,444"" E","51° 3' 21,307"" N"
"6","Point","88","91","91","105935,278 m","194246,460 m","0","Gent-Dampoort","91","30580006617","0"," ","Fietsenstalling f3","op pleintje voor station","0","0","0","NVT","NMBS"," ","Ja"," "," ","Open lucht"," "," "," ","0","Andere","Betonstraatstenen/asfalt"," ","Andere","Beugels","0","0","Goede staat","0","195","0","0","0","0","0","0","0","0","195","195","0","0","1","Stadsnet","0"," ","0"," ","0","0","0","0","0","0","0","0","0","0","0","0","0","0","0","0"," ","3° 44' 20,398"" E","51° 3' 26,031"" N"
"7","Point","89","92","92","105946,962 m","194227,833 m","0","Gent-Dampoort","92","30580006617","0"," ","Fietsenstalling f4","tegen muur perronsporen","0","0","0","NVT","NMBS"," ","Ja"," "," ","Overdekt (luifel)"," ","Volle platen"," ","0","Betonstraatstenen"," "," ","Dubbel verdiep"," ","0","0","Goede staat","42","0","0","0","0","0","0","0","0","0","42","42","0","0","1","Stadsnet","0"," ","0"," ","0","0","0","0","0","0","0","0","0","0","0","0","0","0","0","0"," ","3° 44' 21,006"" E","51° 3' 25,431"" N"
"8","Point","128","145","145","72131,501 m","168679,548 m","0","Kortrijk","145","30750041834","0"," ","Fietsenstalling f10","Bloemistenstraat","0","0","0","NVT","Stad/Gemeente"," ","Nee"," "," ","Openlucht"," "," "," ","0","Betonstraatstenen"," "," ","Andere","type stad","0","0","Goede staat","0","80","0","0","0","0","0","0","0","0","80","80","0","0","1","Stadsnet","0"," ","0"," ","0","0","0","0","0","0","0","0","0","0","0","0","0","0","0","0"," ","3° 15' 44,443"" E","50° 49' 25,957"" N"
"9","Point","129","146","146","72190,214 m","168845,855 m","0","Kortrijk","146","30750041834","0"," ","Fietsenstalling f11","stationsplein","0","0","0","NVT","Stad/Gemeente"," ","Nee"," "," ","Overdekt (luifel)"," ","Doorzichtige platen"," ","0","Asfalt"," "," ","Andere","type NMBS oud/type stad","0","0","Goede staat","714","55","0","0","0","0","0","0","0","0","769","769","0","0","-1","Stadsnet","0","Grond Stad, maar NMBS heeft tijdens de werkzaamheden toelating tot inname domein.","0"," ","0","0","0","0","0","0","0","0","0","0","0","0","0","0","0","0"," ","3° 15' 47,316"" E","50° 49' 31,367"" N"
"10","Point","130","146","146","72188,190 m","168876,513 m","0","Kortrijk","146","30750041834","0"," ","Fietsenstalling f11","stationsplein","0","0","0","NVT","Stad/Gemeente"," ","Nee"," "," ","Overdekt (luifel)"," ","Doorzichtige platen"," ","0","Asfalt"," "," ","Andere","type NMBS oud/type stad","0","0","Goede staat","714","55","0","0","0","0","0","0","0","0","769","769","0","0","-1","Stadsnet","0","Grond Stad, maar NMBS heeft tijdens de werkzaamheden toelating tot inname domein.","0"," ","0","0","0","0","0","0","0","0","0","0","0","0","0","0","0","0"," ","3° 15' 47,190"" E","50° 49' 32,358"" N"
"11","Point","131","147","147","72257,315 m","168813,172 m","0","Kortrijk","147","30750041834","0"," ","Fietsenstalling f2","voorkant naast frituur","1","1","1","stalen afsluiting / traliewerk","NMBS"," ","Ja"," "," ","Overdekt (luifel)"," ","Fietsgebouw"," ","0","Beton"," "," ","Type NMBS"," ","0","0","Goede staat","168","0","0","0","0","0","0","0","0","0","168","168","0","0","1","Eigen net","-1","ook bromfietsen gestald in de fietsenstalling.","1"," ","0","0","0","2","0","0","0","0","0","1","0","0","1","0","0","0"," ","3° 15' 50,769"" E","50° 49' 30,342"" N"
"12","Point","132","147","147","72266,860 m","168831,972 m","0","Kortrijk","147","30750041834","0"," ","Fietsenstalling f2","voorkant naast frituur","1","1","1","stalen afsluiting / traliewerk","NMBS"," ","Ja"," "," ","Overdekt (luifel)"," ","Fietsgebouw"," ","0","Beton"," "," ","Type NMBS"," ","0","0","Goede staat","168","0","0","0","0","0","0","0","0","0","168","168","0","0","1","Eigen net","-1","ook bromfietsen gestald in de fietsenstalling.","1"," ","0","0","0","2","0","0","0","0","0","1","0","0","1","0","0","0"," ","3° 15' 51,242"" E","50° 49' 30,954"" N"
"13","Point","133","148","148","72270,620 m","168810,858 m","0","Kortrijk","148","30750041834","0"," ","Fietsenstalling f3","perron 1: personeel","0","0","0","NVT","NMBS"," ","Nee"," "," ","Overdekt (luifel)"," ","Volle platen"," ","32","Betonstraatstenen","betonstraatstenen/klinkers","99","Wielklemmen laag"," ","1","19","Goede staat","108","0","0","0","19","0","0","0","0","0","127","108","19","0","1","Eigen net","-1"," ","3"," ","0","0","0","0","0","0","0","0","0","0","0","0","0","0","0","0"," ","3° 15' 51,451"" E","50° 49' 30,273"" N"
"14","Point","134","149","149","72029,403 m","168718,883 m","0","Kortrijk","149","30750041834","0"," ","Fietsenstalling f5","helling (Tacklaan naar ODG1)","0","0","0","NVT","NMBS"," ","Nee"," "," ","Overdekt (luifel)"," ","Stationsgebouw"," ","0","Betonstraatstenen"," "," ","type NMBS"," ","1","12","Goede staat","248","14","0","0","12","0","0","0","0","0","274","262","12","0","1","Eigen net","0","Ook Blue bikes (=46 stuks).","0"," ","0","0","0","0","0","0","0","0","0","1","0","0","1","0","0","0"," ","3° 15' 39,198"" E","50° 49' 27,181"" N"
"15","Point","135","150","150","72231,526 m","168738,511 m","0","Kortrijk","150","30750041834","0"," ","Fietsenstalling f6","Fietsenstallingen Tacklaan","0","0","0","NVT","NMBS"," ","Ja"," "," ","Overdekt (luifel)"," ","Doorzichtige platen"," ","0","Andere","klinkers/beton"," ","Andere","NMBS/type stad","0","0","Goede staat","350","30","0","0","4","0","0","0","0","0","384","380","4","0","1","Stadsnet","0"," ","0"," ","0","0","0","0","0","0","0","0","0","1","0","0","1","0","0","0"," ","3° 15' 49,508"" E","50° 49' 27,913"" N"
"16","Point","136","150","150","72142,944 m","168729,727 m","0","Kortrijk","150","30750041834","0"," ","Fietsenstalling f6","Fietsenstallingen Tacklaan","0","0","0","NVT","NMBS"," ","Ja"," "," ","Overdekt (luifel)"," ","Doorzichtige platen"," ","0","Andere","klinkers/beton"," ","Andere","NMBS/type stad","0","0","Goede staat","350","30","0","0","4","0","0","0","0","0","384","380","4","0","1","Stadsnet","0"," ","0"," ","0","0","0","0","0","0","0","0","0","1","0","0","1","0","0","0"," ","3° 15' 44,990"" E","50° 49' 27,586"" N"
"17","Point","137","150","150","72180,091 m","168735,336 m","0","Kortrijk","150","30750041834","0"," ","Fietsenstalling f6","Fietsenstallingen Tacklaan","0","0","0","NVT","NMBS"," ","Ja"," "," ","Overdekt (luifel)"," ","Doorzichtige platen"," ","0","Andere","klinkers/beton"," ","Andere","NMBS/type stad","0","0","Goede staat","350","30","0","0","4","0","0","0","0","0","384","380","4","0","1","Stadsnet","0"," ","0"," ","0","0","0","0","0","0","0","0","0","1","0","0","1","0","0","0"," ","3° 15' 46,883"" E","50° 49' 27,786"" N"
"18","Point","138","150","150","72146,330 m","168727,822 m","0","Kortrijk","150","30750041834","0"," ","Fietsenstalling f6","Fietsenstallingen Tacklaan","0","0","0","NVT","NMBS"," ","Ja"," "," ","Overdekt (luifel)"," ","Doorzichtige platen"," ","0","Andere","klinkers/beton"," ","Andere","NMBS/type stad","0","0","Goede staat","350","30","0","0","4","0","0","0","0","0","384","380","4","0","1","Stadsnet","0"," ","0"," ","0","0","0","0","0","0","0","0","0","1","0","0","1","0","0","0"," ","3° 15' 45,164"" E","50° 49' 27,526"" N"
"19","Point","139","150","150","72171,929 m","168728,549 m","0","Kortrijk","150","30750041834","0"," ","Fietsenstalling f6","Fietsenstallingen Tacklaan","0","0","0","NVT","NMBS"," ","Ja"," "," ","Overdekt (luifel)"," ","Doorzichtige platen"," ","0","Andere","klinkers/beton"," ","Andere","NMBS/type stad","0","0","Goede staat","350","30","0","0","4","0","0","0","0","0","384","380","4","0","1","Stadsnet","0"," ","0"," ","0","0","0","0","0","0","0","0","0","1","0","0","1","0","0","0"," ","3° 15' 46,471"" E","50° 49' 27,562"" N"
"20","Point","140","150","150","72200,940 m","168736,394 m","0","Kortrijk","150","30750041834","0"," ","Fietsenstalling f6","Fietsenstallingen Tacklaan","0","0","0","NVT","NMBS"," ","Ja"," "," ","Overdekt (luifel)"," ","Doorzichtige platen"," ","0","Andere","klinkers/beton"," ","Andere","NMBS/type stad","0","0","Goede staat","350","30","0","0","4","0","0","0","0","0","384","380","4","0","1","Stadsnet","0"," ","0"," ","0","0","0","0","0","0","0","0","0","1","0","0","1","0","0","0"," ","3° 15' 47,948"" E","50° 49' 27,830"" N"
"21","Point","141","150","150","72193,651 m","168730,798 m","0","Kortrijk","150","30750041834","0"," ","Fietsenstalling f6","Fietsenstallingen Tacklaan","0","0","0","NVT","NMBS"," ","Ja"," "," ","Overdekt (luifel)"," ","Doorzichtige platen"," ","0","Andere","klinkers/beton"," ","Andere","NMBS/type stad","0","0","Goede staat","350","30","0","0","4","0","0","0","0","0","384","380","4","0","1","Stadsnet","0"," ","0"," ","0","0","0","0","0","0","0","0","0","1","0","0","1","0","0","0"," ","3° 15' 47,579"" E","50° 49' 27,645"" N"
"22","Point","142","151","151","72095,832 m","168702,132 m","0","Kortrijk","151","30750041834","0"," ","Fietsenstalling f8","Stalling in Fietspunt Tacklaan","0","0","1","draadafsluiting","Stad/Gemeente"," ","Nee"," "," ","Lokaal in gebouw"," ","Fietsgebouw"," ","0","Aarde"," "," ","Wielklemmen laag"," ","0","0","Goede staat","100","12","0","0","0","0","0","0","0","0","112","112","0","-1","1","Stadsnet","0"," ","0"," ","0","0","0","2","0","0","0","0","0","0","0","0","0","0","0","0"," ","3° 15' 42,604"" E","50° 49' 26,671"" N"
"23","Point","143","152","152","72160,602 m","168737,946 m","0","Kortrijk","152","30750041834","0"," ","Fietsenstalling f9","Perron 8","0","0","0","NVT","NMBS"," ","Nee"," "," ","Overdekt (luifel)"," ","Perron luifel"," ","0","Betonstraatstenen"," "," ","Type NMBS"," ","0","0","Goede staat","180","0","0","0","0","0","0","0","0","0","180","180","0","-1","1","Eigen net","0"," ","0"," ","0","0","0","0","0","0","0","0","0","1","0","0","1","0","0","0"," ","3° 15' 45,886"" E","50° 49' 27,861"" N"
"24","Point","222","238","238","134271,219 m","206830,373 m","0","St-Niklaas","238","30590023514","0"," ","Fietsenstalling f1","Voor stationsgebouw","0","0","0","NVT","NMBS"," ","Ja"," "," ","Overdekt (luifel)","gedeeltelijk","Doorzichtige platen"," ","0","Klinkers","beton en natuursteen"," ","Type NMBS"," ","0","0","Goede staat","458","626","0","0","24","0","0","0","0","0","1108","1084","24","-1","1","Stadsnet","-1","beveiligde fietsenstalling 192 plaatsen, na sluiting contact met technische dienst OCMW, bezetting 60-70% \n1euro per dag \nZe stockeren zelf de fietsen (300pl) in de Heistraat \nweesfietsacties: 5 weken ipv 3","6"," ","0","0","0","0","0","0","0","0","0","0","0","0","1","0","0","0"," ","4° 8' 33,365"" E","51° 10' 18,492"" N"
"25","Point","223","239","239","134318,501 m","206963,706 m","0","St-Niklaas","239","30590023514","0"," ","Fietsenstalling f2","Noordlaan","0","0","0","NVT","Stad/Gemeente"," ","Nee"," "," ","Openlucht"," "," "," ","0","Betonstraatstenen"," "," ","type NMBS"," ","0","0","Goede staat","0","352","0","0","0","0","0","0","0","0","352","352","0","0","-1","Stadsnet","-1"," ","3"," ","0","0","0","0","0","0","0","0","0","0","0","0","0","0","0","0"," ","4° 8' 35,778"" E","51° 10' 22,811"" N"
"26","Point","224","240","240","134248,651 m","206926,452 m","0","St-Niklaas","240","30590023514","0"," ","Fietsenstalling f3","Noordlaan","0","0","0","NVT","Stad/Gemeente"," ","Nee"," "," ","Openlucht"," "," "," ","0","Andere","Betonstraatstenen en groenzone"," ","type NMBS"," ","0","0","Goede staat","0","168","0","0","0","0","0","0","0","0","168","168","0","-1","-1","Stadsnet","1"," ","2"," ","0","0","0","0","0","0","0","0","0","0","0","0","0","0","0","0"," ","4° 8' 32,189"" E","51° 10' 21,599"" N"
"27","Point","225","241","241","134290,561 m","206843,902 m","0","St-Niklaas","241","30590023514","0"," ","Fietsenstalling f4","Voor stationsgebouw","1","1","1","hekwerk gegalvaniseerd staal","NMBS"," ","Nee"," "," ","Overdekt (luifel)"," ","Doorzichtige platen"," ","0","Klinkers","beton"," ","type NMBS"," ","0","1","Goede staat","192","0","6","0","5","0","0","0","0","0","203","198","5","-1","1"," ","0"," ","0"," ","0","0","0","2","0","0","0","0","0","0","0","0","1","0","0","0"," ","4° 8' 34,359"" E","51° 10' 18,932"" N"
"28","Point","299","853","853","153892,607 m","214947,215 m","0","Antwerpen-luchtbal","853","20120049001","0"," ","Fietsenstalling F3","F3 - Klipperstraat","0","0","0"," ","NMBS"," "," "," "," ","Openlucht"," ","Geen"," ","0","Klinkers"," "," ","Type NMBS"," ","0","0","Te controleren","0","18","0","0","0","0","0","0","0","0","18","18","0","0","0"," ","0","Bezetting < 90 %","0"," ","0","0","0","0","0","0","0","0","0","1","0","0","0","0","0","0"," ","4° 25' 23,624"" E","51° 14' 41,855"" N"
"29","Point","300","342","342","154096,084 m","216864,888 m","0","Antwerpen-noorderdokken","342","20120052007","20120052002","zie ook 'andere gebouwen'","Fietsenstalling F1","F1 - aan onderdoorgang","0","0","-1","Hek","NMBS"," "," ","NMBS"," ","Overdekt (luifel)"," ","Onderdoorgang"," ","0","Betonstraatstenen"," "," ","Type NMBS"," ","0","0","Goede staat","30","0","0","0","0","0","0","0","0","0","30","30","0","0","1","Eigen net","0"," ","0","Ja en eenvoudig","0","0","0","1","1","0","0","0","0","0","0","0","0","0","0","0"," ","4° 25' 34,192"" E","51° 15' 43,900"" N"
"30","Point","343","368","368","229272,588 m","184683,396 m","0","Genk","368","20214002010","0"," ","Fietsenstalling F1","F1 - Europalaan","0","0","0"," ","NMBS"," ","Ja","Stad"," ","Openlucht"," ","Standaardtype 1 (boog)","Deels overkapping","0","Andere","Stoepdallen"," ","Type NMBS"," ","0","0","Goede staat","0","120","0","0","0","0","0","0","0","0","120","120","0","0","1","Stadsnet","0","Bezetting < 90 % \nVZW basis beschikt zelf over 20 gewone fietsen , 4 elektrische - 5 tandems en 1 bakfiets \n12 blue bike fietsen","0","Ja en eenvoudig","0","0","0","0","0","0","0","0","0","0","0","0","0","0","0","0"," ","5° 29' 45,614"" E","50° 58' 3,114"" N"
"31","Point","344","885","885","229256,978 m","184677,258 m","0","Genk","885","20214002010","0"," ","Fietsenstalling F2","F2 - Europalaan","0","0","0","Hek","NMBS"," ","Ja","Stad/Gemeente"," ","Overdekt (luifel)"," ","Standaardtype 1 (boog)"," ","0","Klinkers"," "," ","Type NMBS"," ","0","0","Goede staat","166","0","0","0","0","0","0","0","0","0","166","166","0","0","1","Stadsnet","0","Bezetting < 90 %","0","Ja en eenvoudig","0","0","0","0","0","0","0","0","0","0","0","0","0","0","0","0"," ","5° 29' 44,809"" E","50° 58' 2,923"" N"
"32","Point","355","953","953","158012,168 m","189738,277 m","0","Mechelen","953","20250020524","0"," ","Fietsenstalling f6","F6 - Blue Bike voor het station","1","1","1","Gebouw","NMBS"," "," ","NMBS"," ","Overdekt"," ","Luifel aan gebouw"," ","0"," "," "," ","Type NMBS"," ","1","41"," ","58","0","0","0","0","0","0","0","0","0","58","58","0","0","0"," ","0","Bezetting > 90 % en < 100 %","0","Ja en eenvoudig","0","0","0","1","0","0","0","0","0","1","1","0","0","0","0","0","1","4° 28' 53,999"" E","51° 1' 5,984"" N"
"33","Point","356","950","950","157962,728 m","189665,732 m","0","Mechelen","950","20250020524","0"," ","Fietsenstalling f3","F3 - naast stationsgebouw kant brug","0","0","1","Gebouw","NMBS"," "," ","NMBS"," ","Open lucht"," ","Luifel aan gebouw"," ","0"," "," "," ","Type NMBS"," ","1","41","Goede staat","120","476","0","0","0","8","0","0","0","0","604","596","8","0","1","NMBS","0","Bezetting > 100 %","0","Moeilijk","0","0","0","1","0","0","0","0","0","1","1","0","0","0","0","0","1","4° 28' 51,457"" E","51° 1' 3,639"" N"
"34","Point","357","398","398","158120,561 m","189616,632 m","0","Mechelen","398","20250020524","0"," ","Fietsenstalling f1","F1 -  parking (kant CW)","0","0","1","Gebouw","NMBS"," "," ","NMBS"," ","Overdekt"," ","Eigen overkapping"," ","0"," "," "," ","Type NMBS"," ","1","41","Goede staat","434","0","0","0","10","0","0","0","0","0","444","434","10","1","1","NMBS","0","Bezetting > 90 % en < 100 %","0","Ja en eenvoudig","0","0","0","1","0","0","0","0","0","1","1","0","0","0","0","0","1","4° 28' 59,550"" E","51° 1' 2,042"" N"
"35","Point","358","951","951","158024,945 m","189743,950 m","0","Mechelen","951","20250020524","0"," ","Fietsenstalling f2","F2 - bewaakte stalling in stationsgebouw","1","1","1","Gebouw","NMBS"," "," ","NMBS"," ","Lokaal in gebouw"," ","Andere","In gebouw","0"," "," "," ","Wielklemmen laag"," ","1","41","Goede staat","118","0","0","0","11","0","0","0","0","0","129","118","11","0","1","NMBS","0","Bezetting < 90 %","0","Moeilijk","0","0","0","1","0","0","0","0","0","1","1","0","0","0","0","0","1","4° 28' 54,655"" E","51° 1' 6,167"" N"
"36","Point","359","954","954","158070,982 m","189804,539 m","0","Mechelen","954","20250020524","0"," ","Fietsenstalling f7","F7 - thv busstation","0","0","1","Gebouw","NMBS"," "," ","NMBS"," ","Open lucht"," ","Eigen overkapping"," ","0","Betonstraatstenen"," "," ","Type NMBS"," ","1","41"," ","136","492","0","0","0","0","0","0","0","0","628","628","0","-1","-1"," ","0","Bezetting > 100 %","0","Moeilijk","0","0","0","1","0","0","0","0","0","1","1","0","0","0","0","0","1","4° 28' 57,021"" E","51° 1' 8,125"" N"
"37","Point","360","954","954","158099,822 m","189840,258 m","0","Mechelen","954","20250020524","0"," ","Fietsenstalling f7","F7 - thv busstation","0","0","1","Gebouw","NMBS"," "," ","NMBS"," ","Open lucht"," ","Eigen overkapping"," ","0","Betonstraatstenen"," "," ","Type NMBS"," ","1","41"," ","136","492","0","0","0","0","0","0","0","0","628","628","0","-1","-1"," ","0","Bezetting > 100 %","0","Moeilijk","0","0","0","1","0","0","0","0","0","1","1","0","0","0","0","0","1","4° 28' 58,504"" E","51° 1' 9,280"" N"
"38","Point","361","952","952","157906,146 m","189603,191 m","0","Mechelen","952","20250020524","0"," ","Fietsenstalling f5","F5 - onder de Postzegelbrug","0","0","1","Gebouw","NMBS"," "," ","NMBS"," ","Overdekt"," ","Onder viaduct"," ","0"," "," "," ","Type NMBS"," ","1","41","Goede staat","1140","0","0","0","12","0","0","0","0","0","1152","1140","12","0","1","NMBS","0","Bezetting < 90 %","0","Ja en eenvoudig","0","0","0","1","0","0","0","0","0","1","1","0","0","0","0","0","1","4° 28' 48,549"" E","51° 1' 1,618"" N"
"39","Point","362","952","952","157888,684 m","189618,008 m","0","Mechelen","952","20250020524","0"," ","Fietsenstalling f5","F5 - onder de Postzegelbrug","0","0","1","Gebouw","NMBS"," "," ","NMBS"," ","Overdekt"," ","Onder viaduct"," ","0"," "," "," ","Type NMBS"," ","1","41","Goede staat","1140","0","0","0","12","0","0","0","0","0","1152","1140","12","0","1","NMBS","0","Bezetting < 90 %","0","Ja en eenvoudig","0","0","0","1","0","0","0","0","0","1","1","0","0","0","0","0","1","4° 28' 47,654"" E","51° 1' 2,098"" N"
"40","Point","381","339","339","154413,000 m","209910,094 m","0","Antwerpen-berchem","339","20250041748","20250041744"," ","Fietsenstalling F1","F1 - fietsgebouw Posthoflei-88","0","0","1","Gebouw","NMBS"," "," ","Fietspunt","Levanto","Fietsgebouw"," ","Fietsgebouw"," ","0","Beton"," "," ","Type NMBS"," ","0","0","Goede staat","2043","0","0","0","0","0","0","0","0","0","2043","2043","0","1","1","NMBS","0","Bezetting > 90 % en < 100 % \n01/2019: 88 plaatsen voor Blue Bike","0","Moeilijk","0","0","0","4","4","0","0","0","0","1","1","0","0","0","-1","-1","1","4° 25' 50,231"" E","51° 11' 58,855"" N"
"41","Point","384","848","848","154487,945 m","210058,348 m","0","Antwerpen-berchem","848","20250041748","0"," ","Fietsenstalling F2","F2 - Edgar Ryckaertsplein","0","0","0"," ","Stad/Gemeente"," ","Ja","Fietspunt"," ","Openlucht"," "," "," ","0","Betonstraatstenen"," "," ","Type NMBS"," ","0","0"," ","0","1204","0","0","0","0","0","0","0","0","1204","1204","0","-1","1","Stadsnet","0","Bezetting > 100 %","0","Ja en gemiddeld","0","0","0","4","0","0","0","0","0","1","1","0","0","0","0","0","1","4° 25' 54,098"" E","51° 12' 3,650"" N"
"42","Point","393","426","426","189654,323 m","223714,550 m","0","Turnhout","426","20290043912","0"," ","Fietsenstalling f1","F1 - op perron 1","0","0","0"," ","NMBS"," "," ","NMBS"," ","Open lucht"," "," "," ","0","Klinkers"," "," ","Type NMBS"," ","0","0","Goede staat","0","172","0","0","0","0","0","0","0","0","172","172","0","0","1","NMBS - Verlichting via het perron","0"," ","0","Moeilijk","0","0","0","0","0","0","0","0","0","1","1","0","0","0","0","0"," ","4° 56' 10,648"" E","51° 19' 20,668"" N"
"43","Point","394","994","994","189711,763 m","223808,685 m","0","Turnhout","994","20290043912","0"," ","Fietsenstalling f3","F3 - Stationsstraat, voor goederenloods","0","0","0"," ","Stad/Gemeente"," "," ","Stad"," ","Open lucht"," "," "," ","0"," "," "," ","Wielklemmen laag"," ","0","0","Te controleren","0","50","0","0","0","0","0","0","0","0","50","50","0","0","1","Stadsnet","0","Bezetting < 90 %","0","Moeilijk","0","0","0","0","0","0","0","0","0","1","1","0","0","0","0","0"," ","4° 56' 13,651"" E","51° 19' 23,699"" N"
"44","Point","395","994","994","189645,342 m","223748,741 m","0","Turnhout","994","20290043912","0"," ","Fietsenstalling f3","F3 - Stationsstraat, voor goederenloods","0","0","0"," ","Stad/Gemeente"," "," ","Stad"," ","Open lucht"," "," "," ","0"," "," "," ","Wielklemmen laag"," ","0","0","Te controleren","0","50","0","0","0","0","0","0","0","0","50","50","0","0","1","Stadsnet","0","Bezetting < 90 %","0","Moeilijk","0","0","0","0","0","0","0","0","0","1","1","0","0","0","0","0"," ","4° 56' 10,198"" E","51° 19' 21,776"" N"
"45","Point","396","995","995","189660,709 m","223798,017 m","0","Turnhout","995","20290043912","20290043911"," ","Fietsenstalling f2","F2 - naast perron 2","0","0","0"," ","NMBS"," "," ","NMBS"," ","Openlucht"," ","Standaardtype 2"," ","0","Klinkers"," "," ","Type NMBS"," ","0","0","Goede staat","460","0","0","0","18","0","0","0","0","0","478","460","18","0","1","NMBS - Verlichting via het perron","0","Bezetting < 90 %","0","Ja en eenvoudig","0","0","0","0","0","0","0","0","0","1","1","0","0","0","0","0"," ","4° 56' 11,011"" E","51° 19' 23,367"" N"
"46","Point","482","343","343","151477,179 m","209728,992 m","0","Antwerpen-zuid","343","20590004003","0"," ","Fietsenstalling f1","F1 - Singel","0","0","0"," ","Stad/Gemeente"," ","Nee","Stad/Gemeente"," ","Openlucht"," ","Geen"," ","0","Betonstraatstenen"," "," ","Type NMBS"," ","0","0","Tussenkomst nodig","0","168","0","0","0","0","0","0","0","0","168","168","0","0","1","Stadsnet","0","Bezetting > 90 % en < 100 %","0","Ja en eenvoudig","0","0","0","0","0","0","0","0","0","1","0","0","0","0","-1","0"," ","4° 23' 19,027"" E","51° 11' 53,048"" N"
"47","Point","483","854","854","151523,574 m","209785,941 m","0","Antwerpen-zuid","854","20590004003","0"," ","Fietsenstalling f2","F2 - Kolonel Silvertoplaan","0","0","0"," ","Stad/Gemeente"," ","Nee","Stad/Gemeente"," ","Openlucht"," ","Golfplaten"," ","0","Betonstraatstenen"," "," ","Type NMBS"," ","0","0","Goede staat","44","0","0","0","0","0","0","0","0","0","44","44","0","0","1","Stadsnet","0","Bezetting < 90 %","0","Moeilijk","0","0","0","0","0","0","0","0","0","1","0","0","0","0","0","0"," ","4° 23' 21,417"" E","51° 11' 54,891"" N"
"48","Point","513","996","996","189661,352 m","223725,149 m","0","Turnhout","996","20290043912","0"," ","Fietsenstalling f4","F4 - Bluebike","1","0","0"," ","NMBS"," "," ","Andere","Bluebike"," "," "," "," ","0"," "," "," "," "," ","0","0"," ","0","12","0","0","0","0","0","0","0","0","12","12","0","0","0"," ","0","Bezetting > 90 % en < 100 %","0","Moeilijk","0","0","0","0","0","0","0","0","0","1","1","0","0","0","0","0"," ","4° 56' 11,015"" E","51° 19' 21,009"" N"
"49","Point","518","372","372","217498,091 m","180475,123 m","0","Hasselt","372","20350056005","0"," ","Fietsenstalling F1","F1 - Stationplein","0","0","0"," ","NMBS"," ","Nee","Fietspunt"," ","Overdekt"," ","Luifel aan gebouw"," ","0","Betonstraatstenen"," "," ","Type NMBS"," ","0","0","Goede staat","60","0","0","0","0","0","0","0","0","0","60","60","0","0","1","Gemengde verlichting","0"," ","0","Moeilijk","0","0","0","0","0","0","0","0","0","0","-1","0","0","0","0","0"," ","5° 19' 39,464"" E","50° 55' 52,305"" N"
"50","Point","519","895","895","217352,887 m","180404,767 m","0","Hasselt","895","20350056005","0"," ","Fietsenstalling F5","F5 - Spoorwegstraat","0","0","0"," ","NMBS"," "," ","Fietspunt"," ","Overdekt (luifel)"," ","Volle platen"," ","0","Klinkers"," "," ","Type NMBS"," ","0","0","Goede staat","244","0","0","0","33","0","0","0","0","0","277","244","33","0","-1"," ","0"," ","0"," ","0","0","0","0","0","0","0","0","0","0","0","0","0","0","0","0","1","5° 19' 31,982"" E","50° 55' 50,089"" N"
"51","Point","520","893","893","217333,710 m","180619,017 m","0","Hasselt","893","20350056005","0"," ","Fietsenstalling F6","F6 - Monseigneur Broekxplein","0","0","0"," ","Stad/Gemeente"," "," ","Stad/Gemeente"," ","Openlucht"," "," "," ","0","Asfalt"," "," ","Andere","Mix van fietsenrekken","0","0","Goede staat","0","359","0","0","0","0","0","0","0","0","359","359","0","0","0"," ","0"," ","0"," ","0","0","0","0","0","0","0","0","0","0","0","0","0","0","0","0","0","5° 19' 31,142"" E","50° 55' 57,029"" N"
"52","Point","521","892","892","217291,800 m","180412,387 m","0","Hasselt","892","20350056005","0"," ","Fietsenstalling F4","F4 - Spoorwegstraat","0","0","0"," ","NMBS"," ","Nee","Fietspunt"," ","Overdekt"," ","Standaardtype 1 (boog)","#ERROR!","0","Klinkers"," "," ","Type NMBS"," ","0","0","Goede staat","300","0","0","0","8","0","0","0","0","0","308","300","8","0","1","NMBS","0","Bezetting > 90 % en < 100 %","0","Moeilijk","0","0","0","0","0","0","0","0","0","0","0","0","0","0","0","0","1","5° 19' 28,860"" E","50° 55' 50,361"" N"
"53","Point","522","892","892","217266,527 m","180414,673 m","0","Hasselt","892","20350056005","0"," ","Fietsenstalling F4","F4 - Spoorwegstraat","0","0","0"," ","NMBS"," ","Nee","Fietspunt"," ","Overdekt"," ","Standaardtype 1 (boog)","#ERROR!","0","Klinkers"," "," ","Type NMBS"," ","0","0","Goede staat","300","0","0","0","8","0","0","0","0","0","308","300","8","0","1","NMBS","0","Bezetting > 90 % en < 100 %","0","Moeilijk","0","0","0","0","0","0","0","0","0","0","0","0","0","0","0","0","1","5° 19' 27,567"" E","50° 55' 50,445"" N"
"54","Point","528","93","93","103932,446 m","191945,045 m","0","Gent-Sint-Pieters","93","30503052283","0"," ","Fietsenstalling f1","Infopunt","0","0","0","NVT","NMBS"," ","Nee"," "," ","Open lucht"," "," "," ","0","Betonstraatstenen"," "," ","Andere","NMBS/dubbel verdiep","0","0","Goede staat","0","415","0","0","0","0","0","0","0","0","415","415","0","0","1","Eigen net","0","vroeger 412 plaatsen","0"," ","0","0","0","0","0","0","0","0","0","0","0","0","0","0","0","0"," ","3° 42' 38,611"" E","51° 2' 11,001"" N"
"55","Point","529","94","94","103750,273 m","191826,935 m","0","Gent-Sint-Pieters","94","30503052283","0"," ","Fietsenstalling f10","Kant Sint-Denijslaan/achterkant station","0","0","0","NVT","Stad/Gemeente"," ","Nee"," "," ","Overdekt (luifel)"," ","Doorzichtige platen"," ","0","Andere","vloer/steenslag"," ","Andere","NMBS/dubbel verdiep","0","0","Goede staat","591","0","0","0","0","0","0","0","0","0","591","591","0","0","-1","Stadsnet","0"," ","0"," ","0","0","0","0","0","0","0","0","0","0","0","0","0","0","0","0"," ","3° 42' 29,315"" E","51° 2' 7,126"" N"
"56","Point","534","851","851","153668,784 m","211428,172 m","0","Antwerpen-centraal","851","20250043819","0"," ","Fietsenstalling f2","F2 - Kievit","0","0","1","Gebouw","NMBS"," "," ","NMBS"," ","Lokaal in gebouw","Parking gebouw","Ondergronds"," ","0","Beton"," "," ","Type NMBS"," ","0","0","Goede staat","485","0","0","0","0","0","0","0","0","0","485","485","0","1","1","NMBS","0","Bezetting < 90 %","0","Moeilijk","0","0","0","1","1","0","0","0","0","1","1","0","-1","0","1","0","1","4° 25' 11,958"" E","51° 12' 47,994"" N"
"57","Point","536","99","99","103919,470 m","192159,227 m","0","Gent-Sint-Pieters","99","30503052283","0"," ","Fietsenstalling f6","Smidsestraat","0","0","0","NVT","Stad/Gemeente"," ","Ja"," "," ","Open lucht"," "," "," ","0","Klinkers"," "," ","Andere","type stad","0","0","Goede staat","0","75","0","0","0","0","0","0","0","0","75","75","0","0","1","Stadsnet","0","vroeger 85 \nvoor  4/6/2018 45 plaatsen nu heeft stad 6 rekken van 5 pl bijgezet, dus +30 plaatsen","0"," ","0","0","0","0","0","0","0","0","0","0","0","0","0","0","0","0"," ","3° 42' 37,847"" E","51° 2' 17,927"" N"
"58","Point","537","99","99","103929,868 m","192159,751 m","0","Gent-Sint-Pieters","99","30503052283","0"," ","Fietsenstalling f6","Smidsestraat","0","0","0","NVT","Stad/Gemeente"," ","Ja"," "," ","Open lucht"," "," "," ","0","Klinkers"," "," ","Andere","type stad","0","0","Goede staat","0","75","0","0","0","0","0","0","0","0","75","75","0","0","1","Stadsnet","0","vroeger 85 \nvoor  4/6/2018 45 plaatsen nu heeft stad 6 rekken van 5 pl bijgezet, dus +30 plaatsen","0"," ","0","0","0","0","0","0","0","0","0","0","0","0","0","0","0","0"," ","3° 42' 38,381"" E","51° 2' 17,947"" N"
"59","Point","538","98","98","103764,998 m","192127,061 m","0","Gent-Sint-Pieters","98","30503052283","0"," ","Fietsenstalling f5","Koning Boudewijnstraat","0","0","0","NVT","Stad/Gemeente"," ","Ja"," "," ","Open lucht"," "," "," ","0","Betonstraatstenen"," "," ","Andere","type stad","0","0","Goede staat","0","110","0","0","0","0","0","0","0","0","110","110","0","0","1","Stadsnet","0","vroeger 105","0"," ","0","0","0","0","0","0","0","0","0","0","0","0","0","0","0","0"," ","3° 42' 29,934"" E","51° 2' 16,842"" N"
"60","Point","539","98","98","103772,853 m","192132,522 m","0","Gent-Sint-Pieters","98","30503052283","0"," ","Fietsenstalling f5","Koning Boudewijnstraat","0","0","0","NVT","Stad/Gemeente"," ","Ja"," "," ","Open lucht"," "," "," ","0","Betonstraatstenen"," "," ","Andere","type stad","0","0","Goede staat","0","110","0","0","0","0","0","0","0","0","110","110","0","0","1","Stadsnet","0","vroeger 105","0"," ","0","0","0","0","0","0","0","0","0","0","0","0","0","0","0","0"," ","3° 42' 30,335"" E","51° 2' 17,021"" N"
"61","Point","540","98","98","103768,065 m","192147,408 m","0","Gent-Sint-Pieters","98","30503052283","0"," ","Fietsenstalling f5","Koning Boudewijnstraat","0","0","0","NVT","Stad/Gemeente"," ","Ja"," "," ","Open lucht"," "," "," ","0","Betonstraatstenen"," "," ","Andere","type stad","0","0","Goede staat","0","110","0","0","0","0","0","0","0","0","110","110","0","0","1","Stadsnet","0","vroeger 105","0"," ","0","0","0","0","0","0","0","0","0","0","0","0","0","0","0","0"," ","3° 42' 30,082"" E","51° 2' 17,502"" N"
"62","Point","541","98","98","103757,593 m","192147,109 m","0","Gent-Sint-Pieters","98","30503052283","0"," ","Fietsenstalling f5","Koning Boudewijnstraat","0","0","0","NVT","Stad/Gemeente"," ","Ja"," "," ","Open lucht"," "," "," ","0","Betonstraatstenen"," "," ","Andere","type stad","0","0","Goede staat","0","110","0","0","0","0","0","0","0","0","110","110","0","0","1","Stadsnet","0","vroeger 105","0"," ","0","0","0","0","0","0","0","0","0","0","0","0","0","0","0","0"," ","3° 42' 29,545"" E","51° 2' 17,489"" N"
"63","Point","542","97","97","103549,411 m","192160,798 m","0","Gent-Sint-Pieters","97","30503052283","0"," ","Fietsenstalling f4","Koningin Fabiolalaan","0","0","0","NVT","NMBS"," ","Ja"," "," ","Open lucht"," "," "," ","0","Andere","betonstraatstenen/steenslag"," ","Andere","type NMBS/type stad","0","0","Goede staat","0","1116","0","0","0","0","0","0","0","0","1116","1116","0","0","1","Stadsnet","0","F4 op straat: 110 \nF4: seinhuis: 1006 \n(voeger getal 412)","0"," ","0","0","0","0","0","0","0","0","0","1","0","0","1","0","0","0"," ","3° 42' 18,854"" E","51° 2' 17,872"" N"
"64","Point","543","95","95","103902,302 m","192023,040 m","0","Gent-Sint-Pieters","95","30503052283","0"," ","Fietsenstalling f2","Maria Hendrikaplein","0","0","0","NVT","NMBS","NMBS/Stad","Nee"," "," ","Open lucht"," "," "," ","0","Andere","Steenslag/kasseien/natuursteen"," ","Andere","type stad","0","0","Goede staat","0","475","0","0","0","0","0","0","0","0","475","475","0","0","-1","Stadsnet","0","F2 aan kant van de restaurants: 55 \nF2 maria hendrikaplein + toegang: 420 \nF2 wordt aangepast tegen wildparkeren. De beplanting wordt gewijzigd. 13/08/2018","0"," ","0","0","0","0","0","0","0","0","0","0","0","0","0","0","0","0"," ","3° 42' 37,028"" E","51° 2' 13,516"" N"
"65","Point","544","95","95","103916,061 m","192042,937 m","0","Gent-Sint-Pieters","95","30503052283","0"," ","Fietsenstalling f2","Maria Hendrikaplein","0","0","0","NVT","NMBS","NMBS/Stad","Nee"," "," ","Open lucht"," "," "," ","0","Andere","Steenslag/kasseien/natuursteen"," ","Andere","type stad","0","0","Goede staat","0","475","0","0","0","0","0","0","0","0","475","475","0","0","-1","Stadsnet","0","F2 aan kant van de restaurants: 55 \nF2 maria hendrikaplein + toegang: 420 \nF2 wordt aangepast tegen wildparkeren. De beplanting wordt gewijzigd. 13/08/2018","0"," ","0","0","0","0","0","0","0","0","0","0","0","0","0","0","0","0"," ","3° 42' 37,725"" E","51° 2' 14,163"" N"
"66","Point","545","95","95","103902,091 m","192066,855 m","0","Gent-Sint-Pieters","95","30503052283","0"," ","Fietsenstalling f2","Maria Hendrikaplein","0","0","0","NVT","NMBS","NMBS/Stad","Nee"," "," ","Open lucht"," "," "," ","0","Andere","Steenslag/kasseien/natuursteen"," ","Andere","type stad","0","0","Goede staat","0","475","0","0","0","0","0","0","0","0","475","475","0","0","-1","Stadsnet","0","F2 aan kant van de restaurants: 55 \nF2 maria hendrikaplein + toegang: 420 \nF2 wordt aangepast tegen wildparkeren. De beplanting wordt gewijzigd. 13/08/2018","0"," ","0","0","0","0","0","0","0","0","0","0","0","0","0","0","0","0"," ","3° 42' 36,997"" E","51° 2' 14,933"" N"
"67","Point","546","95","95","103871,187 m","192074,476 m","0","Gent-Sint-Pieters","95","30503052283","0"," ","Fietsenstalling f2","Maria Hendrikaplein","0","0","0","NVT","NMBS","NMBS/Stad","Nee"," "," ","Open lucht"," "," "," ","0","Andere","Steenslag/kasseien/natuursteen"," ","Andere","type stad","0","0","Goede staat","0","475","0","0","0","0","0","0","0","0","475","475","0","0","-1","Stadsnet","0","F2 aan kant van de restaurants: 55 \nF2 maria hendrikaplein + toegang: 420 \nF2 wordt aangepast tegen wildparkeren. De beplanting wordt gewijzigd. 13/08/2018","0"," ","0","0","0","0","0","0","0","0","0","0","0","0","0","0","0","0"," ","3° 42' 35,408"" E","51° 2' 15,171"" N"
"68","Point","547","95","95","103846,422 m","192062,199 m","0","Gent-Sint-Pieters","95","30503052283","0"," ","Fietsenstalling f2","Maria Hendrikaplein","0","0","0","NVT","NMBS","NMBS/Stad","Nee"," "," ","Open lucht"," "," "," ","0","Andere","Steenslag/kasseien/natuursteen"," ","Andere","type stad","0","0","Goede staat","0","475","0","0","0","0","0","0","0","0","475","475","0","0","-1","Stadsnet","0","F2 aan kant van de restaurants: 55 \nF2 maria hendrikaplein + toegang: 420 \nF2 wordt aangepast tegen wildparkeren. De beplanting wordt gewijzigd. 13/08/2018","0"," ","0","0","0","0","0","0","0","0","0","0","0","0","0","0","0","0"," ","3° 42' 34,143"" E","51° 2' 14,767"" N"
"69","Point","548","95","95","103850,444 m","192037,645 m","0","Gent-Sint-Pieters","95","30503052283","0"," ","Fietsenstalling f2","Maria Hendrikaplein","0","0","0","NVT","NMBS","NMBS/Stad","Nee"," "," ","Open lucht"," "," "," ","0","Andere","Steenslag/kasseien/natuursteen"," ","Andere","type stad","0","0","Goede staat","0","475","0","0","0","0","0","0","0","0","475","475","0","0","-1","Stadsnet","0","F2 aan kant van de restaurants: 55 \nF2 maria hendrikaplein + toegang: 420 \nF2 wordt aangepast tegen wildparkeren. De beplanting wordt gewijzigd. 13/08/2018","0"," ","0","0","0","0","0","0","0","0","0","0","0","0","0","0","0","0"," ","3° 42' 34,360"" E","51° 2' 13,973"" N"
"70","Point","549","101","101","103799,644 m","191810,315 m","0","Gent-Sint-Pieters","101","30503052283","0"," ","Fietsenstalling f8","Kant Sint-Denijslaan/achterkant station","0","0","0","NVT","Stad/Gemeente"," ","Nee"," "," ","Open lucht"," "," "," ","0","Steenslag"," "," ","Andere","NMBS/type stad","0","0","Goede staat","0","2217","0","0","0","0","0","0","1","0","2218","2217","1","0","1","Stadsnet","0","(vroeger 2334)","0"," ","0","0","0","0","0","0","0","0","0","1","0","0","1","0","0","0"," ","3° 42' 31,856"" E","51° 2' 6,603"" N"
"71","Point","550","102","102","103745,245 m","191798,250 m","0","Gent-Sint-Pieters","102","30503052283","0"," ","Fietsenstalling f9","Kant Sint-Denijslaan/achterkant station","1","1","1","metalen afsluiting","Stad/Gemeente"," ","Nee"," "," ","Overdekt (luifel)"," ","Fietsgebouw"," ","0","Beton"," "," ","Type NMBS"," ","1","10","Goede staat","624","0","0","0","19","0","0","0","0","0","643","624","19","-1","1","Stadsnet","0","(vroeger 612)","0"," ","0","0","0","2","0","0","0","0","0","1","0","0","1","0","0","0"," ","3° 42' 29,070"" E","51° 2' 6,197"" N"
"72","Point","551","96","96","103764,238 m","192040,100 m","0","Gent-Sint-Pieters","96","30503052283","0"," ","Fietsenstalling f3","Ondergrondse stalling","0","0","0","NVT","NMBS"," ","Ja"," "," ","Lokaal in gebouw"," ","Ondergronds"," ","0","Beton"," "," ","Andere","NMBS/dubbel verdiep","0","0","Goede staat","4162","0","42","0","35","0","12","0","6","0","4257","4216","41","-1","1","Stadsnet","0","dubbel rekken :3082 \nrekken in middengang :324 \nrekken in even lichtbakken: 143  \nVAC: 613 \nbromfietsen bij taxi: +- 35 pl \nbakfietsen: +- 42 pl \n(vroeger getal 2354)","0"," ","0","0","0","0","0","0","0","0","0","1","0","0","1","0","0","0"," ","3° 42' 29,935"" E","51° 2' 14,028"" N"
"73","Point","552","938","938","174399,781 m","174432,751 m","0","Leuven","938","20360030076","0"," ","Fietsenstalling f3","F3 - Bromfiestenstalling - Tiensevest","0","0","0"," ","Stad/Gemeente"," "," ","Stad"," ","Open lucht"," "," "," ","0","Klinkers"," "," "," "," ","0","0","Goede staat","0","0","0","0","0","30","0","0","0","0","30","0","30","0","-1","Stadsnet","0","Bezetting > 100 %","0","Moeilijk","0","0","0","0","0","0","0","0","0","0","0","0","0","0","1","0","1","4° 42' 51,056"" E","50° 52' 49,048"" N"
"74","Point","553","940","940","174472,798 m","174734,655 m","0","Leuven","940","20360030076","0"," ","Fietsenstalling f5","F5 - Op perron 13","0","0","0"," ","NMBS"," "," ","NMBS"," ","Open lucht"," "," "," ","0","Steenslag"," "," ","Type NMBS"," ","0","0","Goede staat","0","443","0","0","0","0","0","0","0","0","443","443","0","0","-1","Eigen net","-1","Tijdelijke fietsstalling. \n75% bezetting. \n443 fietsen waarvan 32 Blue Bikes.","10"," ","0","0","0","0","0","0","0","0","0","0","0","0","0","0","0","0"," ","4° 42' 54,864"" E","50° 52' 58,807"" N"
"75","Point","554","940","940","174431,311 m","174876,642 m","0","Leuven","940","20360030076","0"," ","Fietsenstalling f5","F5 - Op perron 13","0","0","0"," ","NMBS"," "," ","NMBS"," ","Open lucht"," "," "," ","0","Steenslag"," "," ","Type NMBS"," ","0","0","Goede staat","0","443","0","0","0","0","0","0","0","0","443","443","0","0","-1","Eigen net","-1","Tijdelijke fietsstalling. \n75% bezetting. \n443 fietsen waarvan 32 Blue Bikes.","10"," ","0","0","0","0","0","0","0","0","0","0","0","0","0","0","0","0"," ","4° 42' 52,775"" E","50° 53' 3,408"" N"
"76","Point","555","941","941","174437,672 m","174878,716 m","0","Leuven","941","20360030076","0"," ","Fietsenstalling f6","F6 - Fietsenstalling Ijzerenwegstraat Kessel-Lo","0","0","0"," ","NMBS"," "," ","NMBS"," ","Open lucht"," "," "," ","0","Klinkers"," "," ","Dubbel verdiep"," ","0","0","Goede staat","0","206","0","0","0","0","0","0","0","0","206","206","0","0","1","Eigen net","-1","Bezetting < 90 %","2","Moeilijk","0","0","0","0","0","0","0","0","0","0","0","0","0","0","0","0","1","4° 42' 53,101"" E","50° 53' 3,474"" N"
"77","Point","556","943","943","174455,663 m","174861,889 m","0","Leuven","943","20360030076","0"," ","Fietsenstalling f7","F7 - Bromfietsenstalling Ijzerenwegstraat Kessel-Lo","0","0","0"," ","Stad/Gemeente"," "," ","Stad"," ","Open lucht"," "," "," ","0","Klinkers"," "," "," "," ","0","0"," ","0","0","0","0","0","60","0","0","0","0","60","0","60","0","0"," ","0","Bezetting < 90 %","0"," ","0","0","0","0","0","0","0","0","0","0","0","0","0","0","0","0"," ","4° 42' 54,018"" E","50° 53' 2,927"" N"
"78","Point","557","942","942","174385,517 m","174582,925 m","0","Leuven","942","20360030076","0"," ","Fietsenstalling f4","F4 - Fietsenstalling Tiensevest","0","0","0"," ","Derde"," "," ","Andere"," ","Open lucht"," "," "," ","0","Klinkers"," "," ","Andere"," ","0","0","Goede staat","0","94","0","0","0","0","0","0","0","0","94","94","0","0","-1","Stadsnet","0"," ","0"," ","0","0","0","0","0","0","0","0","0","0","0","0","0","0","0","0"," ","4° 42' 50,363"" E","50° 52' 53,910"" N"
"79","Point","558","395","395","174390,936 m","174515,192 m","0","Leuven","395","20360030076","20360030060"," ","Fietsenstalling f1","F1 - Roger Van Overstraetenplein onder kantorencomplex KBC (onbewaakt)","0","0","0"," ","Derde","medeeigendom"," ","NMBS","Velo","Lokaal in gebouw","Ondergronds","Fietsgebouw"," ","0","Beton"," "," ","Type NMBS"," ","0","0","Goede staat","4015","0","35","0","0","0","0","0","0","0","4050","4050","0","1","1","NMBS","-1","4050 plaatsen waarvan 35 buitenmaatse fietsen en 77 voorbehouden plaatsen Blue Bike \nBezetting 95%...100 %","60","Moeilijk","0","0","0","0","0","0","0","0","0","0","0","0","0","0","1","0","1","4° 42' 50,624"" E","50° 52' 51,717"" N"
"80","Point","559","395","395","174397,370 m","174516,293 m","0","Leuven","395","20360030076","20360030060"," ","Fietsenstalling f1","F1 - Roger Van Overstraetenplein onder kantorencomplex KBC (onbewaakt)","0","0","0"," ","Derde","medeeigendom"," ","NMBS","Velo","Lokaal in gebouw","Ondergronds","Fietsgebouw"," ","0","Beton"," "," ","Type NMBS"," ","0","0","Goede staat","4015","0","35","0","0","0","0","0","0","0","4050","4050","0","1","1","NMBS","-1","4050 plaatsen waarvan 35 buitenmaatse fietsen en 77 voorbehouden plaatsen Blue Bike \nBezetting 95%...100 %","60","Moeilijk","0","0","0","0","0","0","0","0","0","0","0","0","0","0","1","0","1","4° 42' 50,953"" E","50° 52' 51,752"" N"
"81","Point","560","937","937","174416,372 m","174500,790 m","0","Leuven","937","20360030076","20360030067"," ","Fietsenstalling f8","F8 - Kop van Kessel-Lo (onbewaakt)","0","0","0"," ","NMBS","medeeigendom"," ","NMBS"," ","Lokaal in gebouw"," ","Andere","In gebouw","0","Beton"," "," ","Type NMBS"," ","0","0","Goede staat","1656","0","30","0","0","0","0","0","0","0","1686","1686","0","1","1","NMBS","0","Bezetting > 90 % en < 100 %","0","Moeilijk","0","0","0","0","0","0","0","0","0","0","0","0","0","0","1","0","1","4° 42' 51,921"" E","50° 52' 51,247"" N"
"82","Point","561","939","939","174359,186 m","174611,120 m","0","Leuven","939","20360030076","20360030073"," ","Fietsenstalling f2","F2 - Parking De Bond","1","1","0"," ","NMBS","Erfpacht aan de stad Leuven"," ","NMBS"," ","Lokaal in gebouw","Parking  De Bond","Fietsgebouw"," ","0","Beton"," "," ","Type NMBS"," ","0","0","Goede staat","550","0","10","0","0","0","0","0","0","0","560","560","0","-1","-1","Stadsnet","0","Bezetting < 90 %","0"," ","0","0","0","0","0","0","0","0","0","0","0","0","0","0","0","0"," ","4° 42' 49,022"" E","50° 52' 54,826"" N"
"83","Point","562","891","891","217349,722 m","180522,572 m","0","Hasselt","891","20350056005","0"," ","Fietsenstalling F3","F3 - Tramstraat","0","0","0"," ","NMBS"," ","Nee","Fietspunt"," ","Overdekt"," ","Stationsgebouw","+ standaardtype 1 (boog)","0","Betonstraatstenen","#NAME?"," ","Type NMBS"," ","0","0","Goede staat","234","0","0","0","0","0","6","0","0","0","240","240","0","1","1","NMBS","0"," ","0","Moeilijk","0","0","0","0","0","0","0","0","0","0","-1","0","0","0","0","0","1","5° 19' 31,898"" E","50° 55' 53,902"" N"
"84","Point","563","937","937","174411,812 m","174499,539 m","0","Leuven","937","20360030076","20360030067"," ","Fietsenstalling f8","F8 - Kop van Kessel-Lo (onbewaakt)","0","0","0"," ","NMBS","medeeigendom"," ","NMBS"," ","Lokaal in gebouw"," ","Andere","In gebouw","0","Beton"," "," ","Type NMBS"," ","0","0","Goede staat","1656","0","30","0","0","0","0","0","0","0","1686","1686","0","1","1","NMBS","0","Bezetting > 90 % en < 100 %","0","Moeilijk","0","0","0","0","0","0","0","0","0","0","0","0","0","0","1","0","1","4° 42' 51,688"" E","50° 52' 51,208"" N"
"85","Point","564","38","38","69641,688 m","210307,206 m","0","Brugge","38","30503093055","0"," ","Fietsenstalling f2","Groen Brugge","0","0","0"," ","NMBS"," ","Nee"," "," ","Lokaal in gebouw"," ","Fietsgebouw"," ","0","Beton"," "," ","Type NMBS"," ","1","0","Goede staat","2594","0","0","0","80","0","0","0","0","0","2674","2594","80","-1","1","Eigen net","0"," ","0"," ","0","0","0","0","0","0","0","0","0","0","0","0","0","0","0","0"," ","3° 13' 4,325"" E","51° 11' 51,635"" N"
"86","Point","565","38","38","69628,689 m","210301,951 m","0","Brugge","38","30503093055","0"," ","Fietsenstalling f2","Groen Brugge","0","0","0"," ","NMBS"," ","Nee"," "," ","Lokaal in gebouw"," ","Fietsgebouw"," ","0","Beton"," "," ","Type NMBS"," ","1","0","Goede staat","2594","0","0","0","80","0","0","0","0","0","2674","2594","80","-1","1","Eigen net","0"," ","0"," ","0","0","0","0","0","0","0","0","0","0","0","0","0","0","0","0"," ","3° 13' 3,660"" E","51° 11' 51,459"" N"
"87","Point","566","38","38","69623,158 m","210298,633 m","0","Brugge","38","30503093055","0"," ","Fietsenstalling f2","Groen Brugge","0","0","0"," ","NMBS"," ","Nee"," "," ","Lokaal in gebouw"," ","Fietsgebouw"," ","0","Beton"," "," ","Type NMBS"," ","1","0","Goede staat","2594","0","0","0","80","0","0","0","0","0","2674","2594","80","-1","1","Eigen net","0"," ","0"," ","0","0","0","0","0","0","0","0","0","0","0","0","0","0","0","0"," ","3° 13' 3,378"" E","51° 11' 51,349"" N"
"88","Point","567","38","38","69612,648 m","210293,378 m","0","Brugge","38","30503093055","0"," ","Fietsenstalling f2","Groen Brugge","0","0","0"," ","NMBS"," ","Nee"," "," ","Lokaal in gebouw"," ","Fietsgebouw"," ","0","Beton"," "," ","Type NMBS"," ","1","0","Goede staat","2594","0","0","0","80","0","0","0","0","0","2674","2594","80","-1","1","Eigen net","0"," ","0"," ","0","0","0","0","0","0","0","0","0","0","0","0","0","0","0","0"," ","3° 13' 2,841"" E","51° 11' 51,173"" N"
"89","Point","568","38","38","69609,882 m","210291,995 m","0","Brugge","38","30503093055","0"," ","Fietsenstalling f2","Groen Brugge","0","0","0"," ","NMBS"," ","Nee"," "," ","Lokaal in gebouw"," ","Fietsgebouw"," ","0","Beton"," "," ","Type NMBS"," ","1","0","Goede staat","2594","0","0","0","80","0","0","0","0","0","2674","2594","80","-1","1","Eigen net","0"," ","0"," ","0","0","0","0","0","0","0","0","0","0","0","0","0","0","0","0"," ","3° 13' 2,699"" E","51° 11' 51,127"" N"
"90","Point","569","38","38","69610,436 m","210252,169 m","0","Brugge","38","30503093055","0"," ","Fietsenstalling f2","Groen Brugge","0","0","0"," ","NMBS"," ","Nee"," "," ","Lokaal in gebouw"," ","Fietsgebouw"," ","0","Beton"," "," ","Type NMBS"," ","1","0","Goede staat","2594","0","0","0","80","0","0","0","0","0","2674","2594","80","-1","1","Eigen net","0"," ","0"," ","0","0","0","0","0","0","0","0","0","0","0","0","0","0","0","0"," ","3° 13' 2,760"" E","51° 11' 49,839"" N"
"91","Point","570","38","38","69612,648 m","210248,021 m","0","Brugge","38","30503093055","0"," ","Fietsenstalling f2","Groen Brugge","0","0","0"," ","NMBS"," ","Nee"," "," ","Lokaal in gebouw"," ","Fietsgebouw"," ","0","Beton"," "," ","Type NMBS"," ","1","0","Goede staat","2594","0","0","0","80","0","0","0","0","0","2674","2594","80","-1","1","Eigen net","0"," ","0"," ","0","0","0","0","0","0","0","0","0","0","0","0","0","0","0","0"," ","3° 13' 2,877"" E","51° 11' 49,706"" N"
"92","Point","571","38","38","69615,967 m","210242,213 m","0","Brugge","38","30503093055","0"," ","Fietsenstalling f2","Groen Brugge","0","0","0"," ","NMBS"," ","Nee"," "," ","Lokaal in gebouw"," ","Fietsgebouw"," ","0","Beton"," "," ","Type NMBS"," ","1","0","Goede staat","2594","0","0","0","80","0","0","0","0","0","2674","2594","80","-1","1","Eigen net","0"," ","0"," ","0","0","0","0","0","0","0","0","0","0","0","0","0","0","0","0"," ","3° 13' 3,052"" E","51° 11' 49,520"" N"
"93","Point","572","38","38","69617,626 m","210239,170 m","0","Brugge","38","30503093055","0"," ","Fietsenstalling f2","Groen Brugge","0","0","0"," ","NMBS"," ","Nee"," "," ","Lokaal in gebouw"," ","Fietsgebouw"," ","0","Beton"," "," ","Type NMBS"," ","1","0","Goede staat","2594","0","0","0","80","0","0","0","0","0","2674","2594","80","-1","1","Eigen net","0"," ","0"," ","0","0","0","0","0","0","0","0","0","0","0","0","0","0","0","0"," ","3° 13' 3,140"" E","51° 11' 49,422"" N"
"94","Point","573","204","204","49174,659 m","214201,969 m","0","Oostende","204","30503114946","30503114937","sono : lus A:5 , lus B:4","Fietsenstalling f1","Ondergrondse fietsparking","0","0","-1"," ","Stad/Gemeente"," ","Nee","B-Parking (NMBS)"," ","Fietsgebouw","ondergronds","Ondergronds"," ","0","Beton"," "," ","type NMBS","en etagerekken","1","20","Goede staat","1810","0","15","0","40","40","0","0","0","0","1905","1825","80","-1","1","Eigen net","0","Aankoop terrein nog lopende. \n\nIn de rekken type NMBS zijn er 1138 plaatsen. \nIn de etagerekken zijn er 672 plaatsen. \nBrom- en XL-fietszone is niet per plaats gemarkeerd. \n\nBromfiets en XL-zone nog in te richten","0"," ","0","0","0","1","0","0","0","0","0","-1","0","0","-1","0","0","-1"," ","2° 55' 26,568"" E","51° 13' 46,077"" N"
"95","Point","622","669","0","119582,388 m","126872,700 m","49","Mons","669","50960060012","0"," ","Emplacement vélos f1","Parking vélos P3(Gendebien)","0","0","0"," ","SNCB"," "," ","SNCB"," ","Parking exterieur"," "," "," ","0","Gravier"," "," ","Support cycle"," ","1","16","Intervenir","0","45","0","0","0","0","0","0","0","0","45","45","0","0","-1","Propre roseau","0"," ","0"," ","0","0","0","4","0","0","0","0","0","0","0","0","0","0","1","0","0","3° 56' 21,059"" E","50° 27' 8,880"" N"
"96","Point","623","1031","0","119850,675 m","127309,296 m","50","Mons","1031","50960060012","0"," ","Emplacement vélos f2","Parking vélos P4(Charles-Quint)","0","0","0"," ","SNCB"," "," ","SNCB"," ","Places couvertes"," ","Propre toit"," ","0"," "," "," ","Type SNCB"," ","1","16"," ","82","0","0","0","0","0","0","0","0","0","82","82","0","0","-1","Propre roseau","0"," ","0"," ","0","0","0","4","0","0","0","0","0","0","0","0","0","0","1","0","0","3° 56' 34,532"" E","50° 27' 23,060"" N"
"97","Point","624","1047","0","119852,536 m","127288,749 m","51","Mons","1047","50960060012","0"," ","Emplacement vélos f5","Parking vélos pro vélo","1","1","0"," ","SNCB"," ","Oui","Pro vélo"," ","Places couvertes"," ","Propre toit"," ","0","Asphalte"," "," ","Type SNCB"," ","1","16","Très bon","22","0","0","0","0","0","0","0","0","0","22","22","0","-1","-1","Propre roseau","0"," ","0"," ","0","0","0","4","0","0","0","0","0","0","0","0","0","0","1","0","0","3° 56' 34,633"" E","50° 27' 22,395"" N"
"98","Point","625","1045","0","119764,762 m","127429,339 m","52","Mons","1045","50960060012","0"," ","Emplacement vélos f4","Parking vélos c``t Micx","0","0","0"," ","SNCB"," "," ","SNCB"," ","Parking exterieur"," "," "," ","0","Asphalte"," "," ","Type SNCB"," ","1","16","Bon","0","10","0","0","0","0","0","0","0","0","10","10","0","0","0"," ","0"," ","0"," ","0","0","0","4","0","0","0","0","0","0","0","0","0","0","1","0","0","3° 56' 30,142"" E","50° 27' 26,929"" N"
"99","Point","626","1040","0","119967,339 m","127419,548 m","53","Mons","1040","50960060012","0"," ","Emplacement vélos f3","Parking motos P4","0","0","0"," ","SNCB"," "," ","SNCB"," ","Places couvertes"," ","Propre toit"," ","0"," "," "," "," "," ","1","16","Bon","0","0","0","0","16","0","0","0","0","0","16","0","16","0","0"," ","0"," ","0"," ","0","0","0","4","0","0","0","0","0","0","0","0","0","0","1","0","0","3° 56' 40,415"" E","50° 27' 26,650"" N"
"100","Point","672","610","0","155047,635 m","121530,626 m","99","Charleroi-sud","610","51240056002","0"," ","Emplacement vélos f1","Abri vélos sécurisé quai 1","0","0","1","abri","SNCB"," "," ","SNCB"," ","Dans Bâtiment"," ","Dans un Bâtiment"," ","0","Klinkers"," "," ","Type SNCB"," ","1","20","Très bon","40","0","0","0","20","0","0","0","0","0","60","40","20","0","-1"," ","0"," ","0"," ","0","0","0","1","0","0","0","0","0","0","0","0","0","0","1","0","1","4° 26' 18,564"" E","50° 24' 18,749"" N"
"101","Point","707","609","0","154791,386 m","122129,567 m","134","Charleroi-ouest","609","51400064101","0"," ","Emplacement vélos f1"," ","0","0","0","Néant"," "," "," "," "," "," "," "," "," ","0"," "," "," "," "," ","0","0"," ","0","0","0","0","0","0","0","0","0","0","0","0","0","0","0"," ","0"," ","0"," ","0","0","0","1","0","0","0","0","0","1","0","0","0","0","0","0","0","4° 26' 5,615"" E","50° 24' 38,141"" N"
"102","Point","708","794","0","148565,531 m","170109,405 m","135","Bru.-Chap./Kap.","794","10010001002","0"," ","Fietsenstalling f2","Walenplein (naast ingang station)","0","0","0"," ","Stad/Gemeente"," "," ","Stad/Gemeente"," ","Overdekt (luifel)"," ","Stationsgebouw"," ","0","Betonstraatstenen"," "," ","Wielklemmen + hoge stang"," ","0","0","Goede staat","9","0","0","0","0","0","0","0","0","0","9","9","0","0","0"," ","0"," ","0"," ","0","0","0","0","0","0","0","0","0","0","0","0","0","0","0","0","0","4° 20' 49,635"" E","50° 50' 30,976"" N"
"103","Point","709","795","0","148625,280 m","170048,167 m","136","Bru.-Chap./Kap.","795","10010001002","0"," ","Fietsenstalling f3","Brigittinestraat (Voor kerk)","0","0","0"," ","Stad/Gemeente"," "," ","Stad/Gemeente"," ","Openlucht"," ","Nee"," ","0","Andere","Platines"," ","Andere","Metalen Beugels","0","0","Te controleren","0","8","0","0","0","0","0","0","0","0","8","8","0","0","-1","Stadsnet","0"," ","0"," ","0","0","0","0","0","0","0","0","0","0","0","0","0","0","0","0","0","4° 20' 52,690"" E","50° 50' 28,995"" N"
"104","Point","710","796","0","148394,228 m","170074,979 m","137","Bru.-Chap./Kap.","796","10010001002","0"," ","Fietsenstalling f4","Rogier Van Der Weydenstraat","0","0","0"," ","Stad/Gemeente"," "," ","Stad/Gemeente"," ","Openlucht"," ","Nee"," ","0","Andere","Platines"," ","Andere","Metalen Beugels","0","0","Goede staat","0","8","0","0","0","0","0","0","0","0","8","8","0","0","-1","Stadsnet","0"," ","0"," ","0","0","0","0","0","0","0","0","0","0","0","0","0","0","0","0","0","4° 20' 40,880"" E","50° 50' 29,861"" N"
"105","Point","711","296","0","149087,549 m","170495,705 m","138","Bru.-Cent.","296","10010002005","0"," ","Madeleine f1","Madeleine","-1","-1","0"," ","NMBS"," ","Oui","Derde","Fietspunt","Lokaal in gebouw"," ","Stationsgebouw"," ","0","Beton"," "," ","Type SNCB"," ","0","0","Bon état","196","0","0","0","0","0","0","0","0","0","196","196","0","-1","-1","Eigen net","0","182+14 Bluebikes","0"," ","0","0","0","0","0","0","0","0","0","0","0","0","0","0","0","0"," ","4° 21' 16,312"" E","50° 50' 43,481"" N"
"106","Point","712","715","0","149211,267 m","170586,818 m","139","Bru.-Cent.","715","10010002005","0"," ","Putterie f2","Putterie","0","0","0"," ","Stad/Gemeente"," ","Non"," "," ","Openlucht"," ","Onderdoorgang"," ","0","Klinkers"," "," ","Type SNCB"," ","0","0","Goede staat","0","96","0","0","0","0","0","0","0","0","96","96","0","0","-1","Eigen net","0"," ","0"," ","0","0","0","0","0","0","0","0","0","0","0","0","0","0","0","0"," ","4° 21' 22,635"" E","50° 50' 46,431"" N"
"107","Point","713","302","0","149557,100 m","171362,066 m","140","Bru.-Cong.","302","10010003103","0"," ","Emplacement vélos f1","Voie publique devant Interparking","0","0","0"," "," "," "," "," "," ","à l'air libre"," "," "," ","0"," "," "," "," "," ","0","0"," ","0","3","0","0","0","0","0","0","0","0","3","3","0","0","0"," ","0","Parking vélo en voie publique pour 3 vélos.","0"," ","0","0","0","0","0","0","0","0","0","0","0","0","0","0","0","0"," ","4° 21' 40,309"" E","50° 51' 11,520"" N"
"108","Point","714","704","0","149396,390 m","172114,969 m","141","Bru.-Noord/Nord","704","10250001118","0"," ","Emplacement vélo f2","CCN c``t Bruxelles-Midi","0","0","1","Ratelier SNCB","Derde","CCN","Oui","Point...vélo","Cyclo","Abri couvert","Une partie...l'air libre","Autre","CCN","0","Dalles b'ton"," "," ","Type SNCB"," ","0","0","Bon état","42","0","0","0","0","0","0","0","0","0","42","42","0","0","-1"," ","0"," ","0"," ","0","0","0","1","0","0","0","0","0","0","0","0","1","0","0","0","0","4° 21' 32,089"" E","50° 51' 35,884"" N"
"109","Point","715","298","0","149366,929 m","172246,798 m","142","Bru.-Noord/Nord","298","10250001118","0"," ","Emplacement vélos f1","CCN c''t Bruxelles","-1","-1","1","Ratelier SNCB","Tiers","CCN","Oui","Point...vélo"," ","Abri couvert"," ","Autre","CCN","0","Dalles b'ton"," "," ","Type SNCB"," ","0","0","à surveiller","165","0","0","0","0","0","0","0","0","0","165","165","0","0","-1"," ","0"," ","0"," ","0","0","0","1","0","0","0","0","0","0","0","0","1","0","0","0","0","4° 21' 30,582"" E","50° 51' 40,150"" N"
"110","Point","751","300","0","146629,688 m","170955,225 m","178","Bru.-West/Ouest","300","10280006012","0"," ","Fietsenstalling f1","Stationsplein Ninoofsesteenweg","0","0","0"," ","Stad/Gemeente"," "," ","Stad/Gemeente"," ","Overdekt (luifel)"," ","Stationsgebouw"," ","0","Andere","Blauwsteen tegels"," ","Andere","Metalen Beugels","0","0","Goede staat","0","10","0","0","0","0","0","0","0","0","10","10","0","0","-1","Stadsnet","0"," ","0"," ","0","0","0","0","0","0","0","0","0","0","0","0","0","0","0","0","1","4° 19' 10,666"" E","50° 50' 58,319"" N"
"111","Point","752","737","0","146630,793 m","170895,072 m","179","Bru.-West/Ouest","737","10280006012","0"," ","Fietsenstalling f2","Ninoofsesteenweg (Overkant vh Station)","0","0","0"," ","Stad/Gemeente"," "," ","Stad/Gemeente"," ","Overdekt (luifel)"," ","Standaardtype 1 (boog)"," ","0","Klinkers"," "," ","Andere","Metalen Beugels","0","0","Goede staat","30","0","0","0","0","0","0","0","0","0","30","30","0","0","-1","Stadsnet","0"," ","0"," ","0","0","0","0","0","0","0","0","0","0","0","0","0","0","0","0","1","4° 19' 10,724"" E","50° 50' 56,373"" N"
"112","Point","761","711","0","147836,327 m","169515,505 m","188","Bru.-Midi/Zuid","711","10960001150","0"," ","Emplacement vélos f3","Entre rue d'Angleterre","0","0","1","omheining","SNCB"," ","Non"," "," ","Abri couvert"," ","Autre","Auvent gare","0","Autre","Pierre naturelle"," ","Autre","Arceau","0","0","Bon état","20","0","0","0","0","0","0","0","0","0","20","20","0","0","-1","Propre roseau","0"," ","0"," ","0","0","0","1","0","0","0","0","0","1","0","0","1","0","1","0","1","4° 20' 12,378"" E","50° 50' 11,749"" N"
"113","Point","762","712","0","147678,227 m","169672,357 m","189","Bru.-Midi/Zuid","712","10960001150","0"," ","Emplacement vélos f4","Place Horta","0","0","1","omheining","Ville/Commune"," ","Non","Ville/Commune","Villo","à l'air libre"," "," "," ","0","Autre","Pavé"," ","Autre","Villo","0","0","Bon état","0","42","0","0","0","0","0","0","0","0","42","42","0","0","-1","roseau de ville","0"," ","0"," ","0","0","0","1","0","0","0","0","0","1","0","0","1","0","1","0","1","4° 20' 4,295"" E","50° 50' 16,823"" N"
"114","Point","763","716","0","147683,497 m","169692,050 m","190","Bru.-Midi/Zuid","716","10960001150","0"," ","Emplacement vélos f2","Esplanade de l'Europe","0","0","1","omheining","Ville/Commune"," ","Non","Ville/Commune"," ","à l'air libre"," ","Autre","Sous les voies","0","Dalles b'ton"," "," ","Type SNCB"," ","0","0","Bon état","38","0","0","0","0","0","0","0","0","0","38","38","0","0","-1","Propre roseau","0"," ","0"," ","0","0","0","1","0","0","0","0","0","1","0","0","1","0","1","0","1","4° 20' 4,563"" E","50° 50' 17,460"" N"
"115","Point","764","713","0","147516,313 m","169421,616 m","191","Bru.-Midi/Zuid","713","10960001150","0"," ","Emplacement vélos f5","Rue de France","-1","-1","1","omheining","SNCB"," "," ","Point...vélo"," ","Abri couvert"," ","Bâtiment de la gare"," ","0","Klinkers"," "," ","Type SNCB"," ","0","0","Bon état","156","0","0","0","0","0","0","0","0","0","156","156","0","-1","-1","Propre roseau","0"," ","0"," ","0","0","0","1","0","0","0","0","0","1","0","0","1","0","1","0","1","4° 19' 56,026"" E","50° 50' 8,706"" N"
"116","Point","765","301","0","147806,267 m","169474,108 m","192","Bru.-Midi/Zuid","301","10960001150","0"," ","Emplacement vélos f1","Couloir principale Fonsny","-1","0","1","omheining","SNCB"," ","Non","Tiers","Blue Bike","Autre"," ","Bâtiment de la gare"," ","0","Autre","Carrelages"," ","Type SNCB"," ","0","0","Bon état","14","0","0","0","0","0","0","0","0","0","14","14","0","0","-1","Propre roseau","0"," ","0"," ","0","0","0","1","0","0","0","0","0","1","0","0","1","0","1","0","1","4° 20' 10,842"" E","50° 50' 10,409"" N"
"117","Point","795","304","0","150856,042 m","170317,229 m","222","Bru.-Schuman","304","11610006101","0"," ","Emplacement vélos f1","Berlaymont","0","0","0"," ","Stad/Gemeente"," "," "," "," "," "," "," "," ","0"," "," "," "," "," ","0","0"," ","0","0","0","0","0","0","0","0","0","0","0","0","0","0","0"," ","0","Pas de parking SNCB. 39 arceaux pour environ 80...120 vélos.","0"," ","0","0","0","0","0","0","0","0","0","0","0","0","0","0","0","0","0","4° 22' 46,706"" E","50° 50' 37,706"" N"
"118","Point","796","1074","0","151060,115 m","170281,448 m","223","Bru.-Schuman","1074","11610006101","0"," ","Fietsenstalling f2","Archimedes","0","0","0"," ","Stad/Gemeente"," "," "," "," "," "," "," "," ","0"," "," "," "," "," ","0","0"," ","0","0","0","0","0","0","0","0","0","0","0","0","0","0","0"," ","0","Geen parking NMBS. 11 arceaux pour environ 25...50 vélos.","0"," ","0","0","0","0","0","0","0","0","0","0","0","0","0","0","0","0","0","4° 22' 57,136"" E","50° 50' 36,547"" N"
"119","Point","797","303","0","150296,504 m","169758,679 m","224","Bru.-Luxembg","303","11610007011","0"," ","Emplacement vélos f1","Entre principale","0","0","1","Ratelier SNCB","SNCB"," ","Oui","Point...vélo"," ","Abri couvert"," ","Bâtiment de la gare"," ","0","Dalles b'ton"," "," ","Type SNCB"," ","0","0","Bon état","120","0","0","0","0","0","0","0","0","0","120","120","0","-1","-1"," ","0"," ","0"," ","0","0","0","1","0","0","0","0","0","0","0","0","1","0","0","0","0","4° 22' 18,105"" E","50° 50' 19,633"" N"
"120","Point","798","707","0","150346,326 m","169713,017 m","225","Bru.-Luxembg","707","11610007011","0"," ","Emplacement vélos f3","Sur la dalle du parlement","0","0","1","Ratelier SNCB","SNCB"," ","Oui","Point...vélo"," ","Abri couvert"," ","Plaques transparentes"," ","0","Dalles b'ton"," "," ","Type SNCB"," ","0","0","Bon état","96","0","0","0","0","0","0","0","0","0","96","96","0","0","0"," ","0"," ","0"," ","0","0","0","1","0","0","0","0","0","0","0","0","1","0","0","0","0","4° 22' 20,651"" E","50° 50' 18,155"" N"
"121","Point","799","706","0","150302,433 m","169760,239 m","226","Bru.-Luxembg","706","11610007011","0"," ","Emplacement vélos f2","Entre de la gare","-1","-1","1","Ratelier SNCB","SNCB"," ","Oui","Point...vélo"," ","Local"," ","Bâtiment de la gare"," ","0","Autre","Pierre naturelle"," ","Type SNCB"," ","0","0","Bon état","54","0","0","0","0","0","0","0","0","0","54","54","0","-1","-1"," ","0"," ","0"," ","0","0","0","1","0","0","0","0","0","0","0","0","1","0","0","0","0","4° 22' 18,408"" E","50° 50' 19,683"" N"
"122","Point","817","526","0","234391,448 m","148420,482 m","244","Liège-Carré","526","40340001801","0"," ","Emplacement vélos f1","cote quai 1 rue Pouplin","0","0","0"," ","SNCB"," ","Non"," "," ","à l'air libre"," "," "," ","0","Dalles b'ton"," ","5","Type SNCB"," ","0","0","Bon état","0","6","0","0","0","0","0","0","0","0","6","6","0","0","-1","Propre roseau","0"," ","0"," ","0","0","0","0","0","0","0","0","0","0","0","0","0","0","0","0"," ","5° 33' 38,048"" E","50° 38' 27,139"" N"
"123","Point","818","527","0","234941,573 m","149103,432 m","245","Liège-Saint-Lambert","527","40340002702","0"," ","Emplacement vélos f1","Parking cadran rue fond St Servais","0","0","0"," ","SNCB"," ","Non","SNCB"," ","Places couvertes"," ","Type Standard 1 (arc)"," ","0","b'ton"," "," ","Type SNCB"," ","0","0","Inconnu","12","0","0","0","0","0","0","0","0","0","12","12","0","0","0","Inconnu","0"," ","0"," ","0","0","0","0","0","0","0","0","0","0","0","0","0","0","0","0"," ","5° 34' 6,604"" E","50° 38' 48,952"" N"
"124","Point","830","1053","0","234906,459 m","146642,083 m","257","Liège-guillemins","1053","40360099780","0"," ","Emplacement vélos f3","a c``t des taxis","0","0","0"," "," "," "," "," "," ","Abri couvert"," ","Type Standard 1 (arc)"," ","0","b'ton"," "," ","Type SNCB"," ","0","0","Bon état","126","0","0","0","20","0","0","0","0","0","146","126","20","0","-1","Propre roseau","0"," ","0"," ","0","0","0","0","0","0","0","0","0","0","0","0","0","0","0","0"," ","5° 34' 2,793"" E","50° 37' 29,324"" N"
"125","Point","851","483","0","268022,074 m","148487,467 m","278","Eupen","483","40490005201","0"," ","Emplacement vélos f1","bahnofstrasse","0","0","0","Bâtiment","SNCB"," ","Nee","SNCB"," ","Parking exterieur"," ","Type Standard 1 (arc)"," ","0","b'ton"," ","4","Type SNCB"," ","0","0","Bon état","12","0","0","0","0","0","0","0","0","0","12","12","0","0","-1","Propre roseau","0"," ","0"," ","0","0","0","0","0","0","0","0","0","0","0","0","0","0","0","0"," ","6° 2' 9,259"" E","50° 38' 8,336"" N"
"126","Point","852","1093","0","268120,026 m","148483,918 m","279","Eupen","1093","40490005201","0"," ","Emplacement vélos f2","sur quai 2","0","0","0","Clôture","SNCB"," "," ","sncb"," ","Abri couvert"," ","Type Standard 1 (arc)"," ","0","Dalles b'ton"," ","4","Type SNCB"," ","0","0","Bon état","12","0","0","0","0","0","0","0","0","0","12","12","0","0","0"," ","0"," ","0"," ","0","0","0","0","0","0","0","0","0","0","0","0","0","0","0","0"," ","6° 2' 14,238"" E","50° 38' 8,150"" N"
"127","Point","899","587","0","166721,014 m","156217,079 m","326","Wavre","587","41390023002","0"," ","Emplacement vélos f1","N/A 1577 - DERRIERE GARE","0","0","0"," ","SNCB"," ","Nee","SNCB"," ","Places couvertes"," ","Propre toit"," ","0","b'ton"," "," ","Type SNCB"," ","0","0","à surveiller","24","0","0","0","0","0","0","0","0","0","24","24","0","0","0"," ","0"," ","0"," ","0","0","1","0","0","0","0","0","0","0","0","0","0","0","0","0","1","4° 36' 15,302"" E","50° 43' 0,538"" N"
"128","Point","931","497","0","172789,700 m","140051,333 m","358","Gembloux","497","41610043301","0"," ","Emplacement vélos f1","c``t parking P2 (gare) - couvert - sécurisé","1","1","1","structure metalique","SNCB"," ","Oui","Point...vélo"," ","Places couvertes"," ","Propre toit"," ","0","Klinkers"," "," ","Type SNCB"," ","1","10","Très bon","72","0","0","0","10","0","0","0","0","0","82","72","10","0","-1","Eclairage propre","0","projet gembloux: \nsecurisé, 13 simples + 6 doubles total 150 \nnon sécurisé : \n21 simples + 10 doubles total 246","0"," ","0","0","1","1","0","0","0","0","0","0","0","0","0","0","0","0","1","4° 41' 21,079"" E","50° 34' 16,632"" N"
"129","Point","932","806","0","172775,028 m","140052,667 m","359","Gembloux","806","41610043301","0"," ","Emplacement vélos f6","c``t parking P2 (gare) - box","1","0","1","structure metalique","SNCB"," ","Non","Ville/Commune"," ","Autre"," ","Safe-Bike box"," ","0","Autre"," "," "," "," ","1","10","Très bon","5","0","0","0","0","0","0","0","0","0","5","5","0","0","0"," ","0","projet gembloux: \nsecurisé, 13 simples + 6 doubles total 150 \nnon sécurisé : \n21 simples + 10 doubles total 246","0"," ","0","0","0","1","0","0","0","0","0","0","0","0","0","0","0","0","1","4° 41' 20,333"" E","50° 34' 16,677"" N"
"130","Point","933","805","0","172819,046 m","140017,986 m","360","Gembloux","805","41610043301","0"," ","Emplacement vélos f5","c``t parking P2 (gare) esplanade - non couvert - Bluebike","0","0","1","structure metalique","SNCB"," ","Oui","Point...vélo","Blue bike","Parking exterieur"," "," "," ","0","Klinkers"," "," ","Type SNCB"," ","1","10","Très bon","0","12","0","0","0","0","0","0","0","0","12","12","0","0","0"," ","0","ex-Blue Bike \nprojet gembloux: \nsecurisé, 13 simples + 6 doubles total 150 \nnon sécurisé : \n21 simples + 10 doubles total 246","0"," ","0","0","0","1","0","0","0","0","0","0","0","0","0","0","0","0","1","4° 41' 22,562"" E","50° 34' 15,549"" N"
"131","Point","934","804","0","172791,812 m","140053,000 m","361","Gembloux","804","41610043301","0"," ","Emplacement vélos f4","c``t parking P2 (gare) - couvert - non sécurisé","0","0","1","structure metalique","SNCB"," ","Oui","Point...vélo"," ","Places couvertes"," ","Propre toit"," ","0","Klinkers"," "," ","Type SNCB"," ","1","10","Très bon","120","0","0","0","0","0","0","0","0","0","120","120","0","0","-1","Propre roseau","0","projet gembloux: \nsecurisé, 13 simples + 6 doubles total 150 \nnon sécurisé : \n21 simples + 10 doubles total 246","0"," ","0","0","0","1","0","0","0","0","0","0","0","0","0","0","0","0","1","4° 41' 21,186"" E","50° 34' 16,686"" N"
"132","Point","935","802","0","172879,628 m","140048,999 m","362","Gembloux","802","41610043301","0"," ","Emplacement vélos f2","c``t parking P1 (Ch. de Wavre) - couverts","0","0","1","structure metalique","SNCB"," ","Oui","Point...vélo"," ","Places couvertes"," ","Propre toit"," ","0","Dalles b'ton"," "," ","Type SNCB"," ","1","10","Bon état","12","0","0","0","0","0","0","0","0","0","12","12","0","1","-1","Eclairage propre","0","projet gembloux: \nsecurisé, 13 simples + 6 doubles total 150 \nnon sécurisé : \n21 simples + 10 doubles total 246","0"," ","0","0","0","1","0","0","0","0","0","0","0","0","0","0","0","0","1","4° 41' 25,648"" E","50° 34' 16,544"" N"
"133","Point","936","803","0","172896,190 m","140028,323 m","363","Gembloux","803","41610043301","0"," ","Emplacement vélos f3","c``t parking P1 (Ch. de Wavre) - non couverts","0","0","1","structure metalique","SNCB"," ","Oui","Point...vélo"," ","Parking exterieur"," ","En dessous d'un escalator"," ","0","Klinkers"," "," ","Type SNCB"," ","1","10","Très bon","0","6","0","0","0","0","0","0","0","0","6","6","0","0","0","Eclairage propre","0","projet gembloux: \nsecurisé, 13 simples + 6 doubles total 150 \nnon sécurisé : \n21 simples + 10 doubles total 246","0"," ","0","0","0","1","0","0","0","0","0","0","0","0","0","0","0","0","1","4° 41' 26,485"" E","50° 34' 15,872"" N"
"134","Point","941","1082","0","185003,335 m","128749,752 m","368","Namur","1082","41610061502","0"," ","Emplacement vélos f5","devant la gare, provélo et office tourisme","0","0","0"," ","SNCB"," ","Oui","Ville/Commune"," ","à l'air libre"," "," "," ","0","Dalles b'ton"," "," ","Autre","U inversé","0","0","Bon état","0","26","0","0","0","0","0","0","0","0","0","0","0","0","-1","roseau de ville","0","13 U inversés, 10 devant pro-vélos et 3 devant office du tourisme","0"," ","0","0","0","0","0","0","0","0","0","0","0","0","0","0","0","0","1","4° 51' 37,922"" E","50° 28' 8,707"" N"
"135","Point","942","1083","0","185017,230 m","128751,531 m","369","Namur","1083","41610061502","0"," ","Emplacement vélos f6","devant local pro-vélos","0","0","0"," ","SNCB"," ","Oui","Point...vélo"," ","à l'air libre"," "," "," ","0","Dalles b'ton"," "," ","Type SNCB","rètelier blue bike","0","0","Bon état","0","6","0","0","0","0","0","0","0","0","0","0","0","0","-1","roseau de ville","0","1 rètelier blue bike","0"," ","0","0","0","0","0","0","0","0","0","0","0","0","0","0","0","0","1","4° 51' 38,628"" E","50° 28' 8,762"" N"
"136","Point","943","829","0","185193,972 m","128901,928 m","370","Namur","829","41610061502","0"," ","Emplacement vélos f2","Parking CAP NORD","0","0","0"," ","SNCB"," ","Oui","Point...vélo"," ","Parking exterieur"," "," "," ","0","Asphalte"," "," ","Type SNCB"," ","0","0","Bon état","0","6","0","0","0","0","0","0","0","0","0","0","0","0","0","Eclairage propre","0"," ","0"," ","0","0","0","0","0","0","0","0","0","0","0","0","0","0","0","0","1","4° 51' 47,641"" E","50° 28' 13,591"" N"
"137","Point","944","1062","0","185184,412 m","128896,593 m","371","Namur","1062","41610061502","0"," ","parking motos dans P1","parking P1 niveau -3 SPW","-1","-1","0"," ","SNCB"," ","Non","B-Parking (SNCB)"," ","Abri couvert"," "," "," ","0"," "," "," "," "," ","0","0"," ","0","0","0","0","10","0","0","0","6","0","0","0","16","0","-1","Propre roseau","0"," ","0"," ","0","0","0","0","0","0","0","0","0","0","0","0","0","0","0","0","1","4° 51' 47,154"" E","50° 28' 13,420"" N"
"138","Point","945","1079","0","185091,428 m","128738,303 m","372","Namur","1079","41610061502","0"," ","Emplacement vélos f3","place de la station","0","0","0"," ","SNCB"," ","Oui","Point...vélo"," ","Autre","safe bike box","Safe-Bike box"," ","0","Dalles b'ton"," "," ","Autre"," ","0","0","Bon état","25","0","0","0","0","0","0","0","0","0","0","0","0","0","0"," ","0","place de la station entre les taxis","0"," ","0","0","0","0","0","0","0","0","0","0","0","0","0","0","0","0","1","4° 51' 42,386"" E","50° 28' 8,318"" N"
"139","Point","974","449","0","254026,036 m","41970,068 m","401","Arlon","449","41620197540","0"," ","Emplacement vélos f1","Gauche BV sous marquise","0","0","0"," ","SNCB"," ","Nee","SNCB"," ","Places couvertes"," ","Marquise","marquise du BV","0"," "," "," "," "," ","1","8","Bon état","18","0","0","0","0","4","0","0","0","0","22","18","4","0","0","Eclairage propre","0"," ","0"," ","0","0","1","3","0","0","0","0","0","1","0","0","1","0","1","0","1","5° 48' 31,960"" E","49° 40' 51,156"" N"
"140","Point","975","1050","0","254059,144 m","41947,215 m","402","Arlon","1050","41620197540","0"," ","Emplacement vélos f3","Parking P1...gauche du BV","0","0","0"," ","SNCB"," ","Non","B-Parking (SNCB)"," ","Abri couvert"," ","Type Standard 1 (arc)"," ","0","Dalles b'ton"," "," ","Type SNCB"," ","1","8","Bon état","12","0","0","0","4","0","0","0","0","0","16","12","4","0","0"," ","0"," ","0"," ","0","0","0","3","0","0","0","0","0","1","0","0","1","0","1","0","1","5° 48' 33,588"" E","49° 40' 50,395"" N"
"141","Point","976","822","0","253967,198 m","41916,968 m","403","Arlon","822","41620197540","0"," ","Emplacement vélos f2","parking P2 - sortie CSV","0","0","0"," ","SNCB"," ","Nee","SNCB"," ","Places couvertes"," ","Propre toit"," ","0"," "," "," ","Type SNCB"," ","1","8","Bon état","6","0","0","0","4","0","0","0","0","0","10","6","4","0","0","Eclairage propre","0"," ","0"," ","0","0","0","3","0","0","0","0","0","1","0","0","1","0","1","0","1","5° 48' 28,974"" E","49° 40' 49,474"" N"